file,document_number,title,date_updated,link,status
doc1.pdf,SAHPGL-CEM-06,Guideline for Selection of Reference Products for Applications of Generic Medicines,22/09/2026,https://sahpraza.sharepoint.com/:b:/s/SAHPRAwebsitePublicDocuments/IQC4qg6h22ssR5TZk2yjyDr0AZwTLwrqL9A60pp4RVCCixQ?e=vBL2Ad,skipped (exists)
doc2.pdf,SAHPGL-RDN-NM-02,Guideline for Use Licence Applications and the Requirements for the Safe Use of Class 3b and Class 4 Lasers or Laser Systems,15/09/2026,https://sahpraza.sharepoint.com/:b:/s/SAHPRAwebsitePublicDocuments/IQDhyZ8aCiznQpR4i0O3bgQ5AeGpX_ePNhOh0_hjr7dVbIo?e=lQkfbJ,skipped (exists)
doc3.pdf,SAHPGL-CEM-PV-04,Post-marketing Reporting of Adverse Drug Reactions for Human Medicines in South Africa,27/08/2026,https://sahpraza.sharepoint.com/:b:/s/SAHPRAwebsitePublicDocuments/IQBAMld6GrP7QbUvtTMn8KgtAWSaw9GfsTg69tfo2la32Y8?e=8PU418,ok
doc4.pdf,SAHPGL-CRO-01,Guideline for Borderline Products,26/08/2026,https://sahpraza.sharepoint.com/:b:/s/SAHPRAwebsitePublicDocuments/IQC4rqP5Xj3QSKPDHSjfoxBkAd6biiw1dPpEY9jzigiSPi4?e=Wb3JYh,ok
doc5.pdf,SAHPGL-CEM-PV-08,Guideline for Industry e-reporting,19/08/2026,https://sahpraza.sharepoint.com/:b:/s/SAHPRAwebsitePublicDocuments/IQArQ-wzlvfrQqRdmhkNw2YwAZWCDeJkV4L2WKognWf-8qc?e=mgUOEO,ok
doc6.pdf,SAHPGL-RDN-NM-05,Guideline for the Completion of the Annual Submission of Compliance Information Form,18/08/2026,https://sahpraza.sharepoint.com/:b:/s/SAHPRAwebsitePublicDocuments/IQCWKr3ayZOMQqwfVFg6-Il4Ab9YWBM9VwLAcg1199t2BcA?e=ub24kE,ok
doc7.pdf,SAHPGL-HPA-06,Variations Guideline for Human and Veterinary Medicines,17/08/2026,https://sahpraza.sharepoint.com/:b:/s/SAHPRAwebsitePublicDocuments/IQCcOPFolduTQ4owIZuCXj85AYPK2Qk8guSOEX5odFbt6W4?e=3j9I59,ok
doc8.pdf,SAHPGL-RDN-INSP-03,Guideline on Minimum Requirements for Inspecting Group III and Group IV Hazardous Substances,15/06/2026,https://sahpraza.sharepoint.com/:b:/s/SAHPRAwebsitePublicDocuments/IQABaxmj_yf5SZsYzOpLu876AVwOX-SLbku7tTS2ghk8GNg?e=Guu7sZ,ok
doc9.pdf,SAHPGL-BAU-01,Reliance Guideline,09/06/2026,https://sahpraza.sharepoint.com/:b:/s/SAHPRAwebsitePublicDocuments/IQDK0OpcctlBS6az_ceY-hjcAfFav1LtGSrmlSJ2dktKSL4?e=gD0Mdk,ok
doc10.pdf,SAHPGL-CEM-01,Clinical guideline,04/06/2026,https://sahpraza.sharepoint.com/:b:/s/SAHPRAwebsitePublicDocuments/IQBuIh9GbHzsT51er2MuTRhFAdKssV1ls0Wb7hVIoW6aJ58?e=imFK7a,ok
doc11.pdf,SAHPGL-MD-19,Guideline for Preparation of a Site Master File (SMF) for Wholesalers of Medical Devices,11/05/2026,https://sahpraza.sharepoint.com/:b:/s/SAHPRAwebsitePublicDocuments/IQA0Aj-6BNelSowExboFCCMTATJq_LCkwv7w_d8GiEDlG1o?e=g3ITSc,ok
doc12.pdf,SAHPGL-INSP-02,SA Guide to Good Manufacturing Practice for Medicines,24/04/2026,https://sahpraza.sharepoint.com/:b:/s/SAHPRAwebsitePublicDocuments/IQBaHZKtNpNQSq_eR83wRTfaARejAkU0UkMkCqtn9A8ClYQ?e=DXcJdb,ok
doc13.pdf,SAHPGL-PEM-BIO-09,Guidelines for Submission of Plasma Master File,14/04/2026,https://sahpraza.sharepoint.com/:b:/s/SAHPRAwebsitePublicDocuments/IQCoXk4mNZTTSqcjCirKKRzPAXjJErsDqNp9iLYr7gLDYNE?e=M1JROC,ok
doc14.pdf,SAHPGL-LIC-05,GWP Guideline for the Importers and Distributors of Scheduled Substances,13/04/2026,https://sahpraza.sharepoint.com/:b:/s/SAHPRAwebsitePublicDocuments/IQAZ-_gjOdMwQJJGhEhrGJCXAU0luOvIaVtqQ-ub22Z42aM?e=BJggnw,ok
doc15.pdf,SAHPGL-LIC-03,Guideline on How to Amend a Current Licence,13/04/2026,https://sahpraza.sharepoint.com/:b:/s/SAHPRAwebsitePublicDocuments/IQDs3ZjL16-mRriCdMsz3L7cAd1RkX6Aylz13LttpTd2WAU?e=gtnOmJ,ok
doc16.pdf,SAHPGL-LIC-02,Guideline on How to Apply for A Licence to Act as A Wholesaler,13/04/2026,https://sahpraza.sharepoint.com/:b:/s/SAHPRAwebsitePublicDocuments/IQAfEerVzTjcS6v9of0_JB6XAX45XBPvBeC4liXPU9loh60?e=aWeEnI,ok
doc17.pdf,SAHPGL-LIC-01,"Licence to Manufacture, Import or Export",13/04/2026,https://sahpraza.sharepoint.com/:b:/s/SAHPRAwebsitePublicDocuments/IQDPauMNWVq1Rbye4brjV9ynAXGUqNBpdIAIrkr82hTLQhc?e=tCASwj,ok
doc18.pdf,,Medicines Online Directory Toolkit  OTC and prescription (Rx),01/04/2026,https://sahpraza.sharepoint.com/:b:/s/SAHPRAwebsitePublicDocuments/IQAy__VKFzQ-Sai6lrX6ARNJAYvJfXPMUXW3vltglSRcsJ8?e=eTslX8,ok
doc19.pdf,SAHPGL-RDN-RN-20,Guideline for Transportation Security for Radioactive Material,31/03/2026,https://sahpraza.sharepoint.com/:b:/s/SAHPRAwebsitePublicDocuments/IQCEs7oOqhPcQJf5c6F2cWKDASWB8BjhOixCCnZQ20OSC-E?e=Qgllyz,ok
doc20.pdf,SAHPGL-CEM-CT-13,Guidelines to Clinical Trials in Pregnancy and Lactation,30/03/2026,https://sahpraza.sharepoint.com/:b:/s/SAHPRAwebsitePublicDocuments/IQCn0elvKQXITrfzbWYAuoEMAZJxvP5kA-GUtYSS7zUeoKI?e=nIsTtU,ok
doc21.pdf,SAHPGL-CEM-CT-12,Pre-clinical Testing Guidelines and Clinical Requirements for Phase I / First in Human (FIH) Studies,30/03/2026,https://sahpraza.sharepoint.com/:b:/s/SAHPRAwebsitePublicDocuments/IQDPsQWe5wEhRLE7kisXcuivAYWbTCItkZZvYfFqPbHQopI?e=SUAPaa,ok
doc22.pdf,SAHPGL-CEM-NS-01,Application for rescheduling of a substance or medicine,30/03/2026,https://sahpraza.sharepoint.com/:b:/s/SAHPRAwebsitePublicDocuments/IQBhrI-BfCwAQo5sCDrVLlfwAY6ZnXUYiJKtYL6SFrB8Sy4?e=ekLWWL,ok
doc23.pdf,SAHPGL-CEM-NS-04,Scheduling of substances for prescribing by authorised prescribers other than medical practitioners or dentists,30/03/2026,https://sahpraza.sharepoint.com/:b:/s/SAHPRAwebsitePublicDocuments/IQCc6S0U_iHtQoTWPk_EzYznAfty5ifZLtDW7VymDR_gSL4?e=xhWBe8,ok
doc24.pdf,SAHPGL-CEM-NS-02,Guideline to the scheduling of substances and medicines,30/03/2026,https://sahpraza.sharepoint.com/:b:/s/SAHPRAwebsitePublicDocuments/IQC3wULRRDWiQbWB7AAwQ3X_Aer5CVviINWRF3CMRU78hDY?e=WbA4Rb,ok
doc25.pdf,SAHPGL-CEM-NS-03,Guideline for proprietary names for medicines,30/03/2026,https://sahpraza.sharepoint.com/:b:/s/SAHPRAwebsitePublicDocuments/IQDF3ixnLG77SJr-7d9RYGieAUmEcQpaYwB1OW7Qn60FYeU?e=wtDgAE,ok
doc26.pdf,SAHPGL-CEM-CT-05,Guideline for Liability Insurance for Clinical Trials,27/03/2026,https://sahpraza.sharepoint.com/:b:/s/SAHPRAwebsitePublicDocuments/IQBL3_wVW7loRYzBmyqsYtutAVGsjIvgaBlZEsI6mqf9wTs?e=MLKmtK,ok
doc27.pdf,SAHPGL-CEM-CT-11,Guideline for Remuneration of Volunteers in Phase 1 Clinical Trials,27/03/2026,https://sahpraza.sharepoint.com/:b:/s/SAHPRAwebsitePublicDocuments/IQADaKfUWnDbT5MsTqQQxxAOAZzXv0bWp0uiVJMkD3Pltec?e=xbaEKl,ok
doc28.pdf,SAHPGL-CEM-CT-02,"Clinical Trial Participant Time, Inconvenience and Expense (TIE) Compensation Model",27/03/2026,https://sahpraza.sharepoint.com/:b:/s/SAHPRAwebsitePublicDocuments/IQBtwLfTdlnLRr56dGSghATKAUHhrgCdU0WkGYJvtUZK-Ic?e=aJuGWB,ok
doc29.pdf,SAHPGL-MD-21,Guideline for Medical Device Certificate of Free Sale,26/03/2026,https://sahpraza.sharepoint.com/:b:/s/SAHPRAwebsitePublicDocuments/IQA9jpr75Cy8Sb2ibCiiWqyQAYPj7D6AgPa6sREAiZuqhCs?e=1YWY5H,ok
doc30.pdf,SAHPGL-MD-22,Medical Devices Reliance Guideline,25/02/2026,https://sahpraza.sharepoint.com/:b:/s/SAHPRAwebsitePublicDocuments/IQAGUJBs73GXR5rMo2k_motjAe3s49_5CjQt0tUkTiorz9M?e=q3cePj,ok
doc31.pdf,SAHPGL-RDN-NM-06,"Guideline for the Application of a License to Install, Use, Operate, and Apply for Magnetic Resonance Imaging (MRI)",25/02/2026,https://sahpraza.sharepoint.com/:b:/s/SAHPRAwebsitePublicDocuments/IQCCjM8JVi_MRZvh03zZNFc7AWMcW0EDFNwC6teAS1NcKGQ?e=E5GCz7,ok
doc32.pdf,SAHPGL-RDN-NM-01,Guideline for Licence Applications for Non-ionising Radiation Medical and Non-medical Devices Classified as Listed Electronic Products,25/02/2026,https://sahpraza.sharepoint.com/:b:/s/SAHPRAwebsitePublicDocuments/IQAdeLtOE-98Ta-UR3ysyGKzAcEXL8GnXwuTjfy193kjyOI?e=LOMjTs,ok
doc33.pdf,SAHPGL-RDN-RN-19,Guidelines for distributors and transporters of sealed sources,03/02/2026,https://sahpraza.sharepoint.com/:b:/s/SAHPRAwebsitePublicDocuments/IQDFeaDk_0MBQK_8pmZURWCJARaVQ2cKWlFI-WllbYHSq1Y?e=BKZMF0,ok
doc34.pdf,SAHPGL-PEM-BIO-05,Biological Medicines Amendment Guideline,18/12/2025,https://sahpraza.sharepoint.com/:b:/s/SAHPRAwebsitePublicDocuments/IQC3UTuXMO4tSKYsk2vOECjCAar65IVZxK1FLAfCkAbGMLs?e=CdgZsB,ok
doc35.pdf,SAHPGL-PEM-BIO-02,"Biosimilar Medicine Quality, Non-clinical and Clinical Requirements",15/12/2025,https://sahpraza.sharepoint.com/:b:/s/SAHPRAwebsitePublicDocuments/IQCeicb0p1WFRpNoHSQ9WMcrATxVHl1SCt9gAr19UTEK-xI?e=rnO3sr,ok
doc36.pdf,SAHPGL-RDN-XR-27,Guideline for Users of Ultra-portable X-ray Equipment,17/11/2025,https://www.sahpra.org.za/wp-content/uploads/2025/11/SAHPGL-RDN-XR-27_v1-Guideline-for-Users-of-Ultra-Portable-X-Ray-Equipment.pdf,ok
doc37.pdf,SAHPGL-INSP-RC-03,Guideline for Destruction of Medicines and Scheduled Substances,10/11/2025,https://www.sahpra.org.za/wp-content/uploads/2025/11/SAHPGL-INSP-RC-03_v3Guideline-for-Destruction-of-Medicines-and-Scheduled-Substances_31-Oct-2025.pdf,ok
doc38.pdf,SAHPGL-INSP-RC-08,"Guideline for Donation of Medicines, Medical Devices, and IVDs",07/11/2025,https://sahpraza.sharepoint.com/:b:/s/SAHPRAwebsitePublicDocuments/IQB5ETIXQJrJTqVn2OLmOKB4AfG3BNDEnZFhekxQcrMARAI?e=1rePEm,ok
doc39.pdf,SAHPGL-PEM-05,Guideline for Labelling of Medicines Intended for Human Use,31/10/2025,https://www.sahpra.org.za/wp-content/uploads/2025/10/SAHPGL-PEM-05_v1-Guideline-for-Labelling-of-Medicines-Intended-for-Human-Use.pdf,ok
doc40.pdf,SAHPGL-CEM-S21-02,Guideline For Section 21 Access To Unregistered Medicines,30/10/2025,https://www.sahpra.org.za/wp-content/uploads/2022/01/SAHPGL-CEM-S21-02_v6-Guideline-for-Section-21-Access-to-Unregistered-Medicines.pdf,ok
doc41.pdf,SAHPGL-INSP-GMP-02,Good Manufacturing Practice Guide for Active Pharmaceutical Ingredients Q7,27/10/2025,https://www.sahpra.org.za/wp-content/uploads/2025/10/SAHPGL-INSP-GMP-02_v1-Good-Manufacturing-Practice-Guide-for-Active-Pharmaceutical-Ingredients.pdf,ok
doc42.pdf,SAHPGL-CEM-PV-06,Guideline for Adverse Drug Reactions (ADRs) Reporting for Healthcare Professionals,23/10/2025,https://sahpraza.sharepoint.com/:b:/s/SAHPRAwebsitePublicDocuments/IQCazC6KaZrzT53Ptp-ZQgaWAW70nC7tyGWnTew7KchpqDo?e=Apxge2,ok
doc43.pdf,SAHPGL-PEM-02,Quality and Bioequivalence guideline,23/10/2025,https://www.sahpra.org.za/wp-content/uploads/2022/01/SAHPGL-PEM-02_v9_Quality-and-Bioequivalence-Guideline.pdf,ok
doc44.pdf,SAHPGL-HPA-09,SAHPRA ECTD Specification 3.1 and Guidance for Module 1 and Regional Information,09/10/2025,https://sahpraza.sharepoint.com/:b:/s/SAHPRAwebsitePublicDocuments/IQAtDhXRzY9QT52iCxVlSQiEAR7fx7tDFqiQRL29fNbar7E?e=bo2w7S,ok
doc45.pdf,SAHPGL-INSP-RC-04,Guideline on Traceability of Health Products,01/10/2025,https://www.sahpra.org.za/wp-content/uploads/2025/10/SAHPGL-INSP-RC-04_v1-Guideline-on-Traceability-of-Health-Products.pdf,ok
doc46.pdf,SAHPGL-MD-18,Post Market Surveillance and Post-market Clinical Follow-up Studies,09/09/2025,https://www.sahpra.org.za/wp-content/uploads/2025/09/SAHPGL-MD-18_v1_-POST-MARKET-SURVEILLANCE-AND-POST-MARKET-CLINICAL-FOLLOW-UP-STUDIES.pdf,ok
doc47.pdf,SAHPGL-MD-16,Guidelines on Clinical Evaluation of Medical Devices,09/09/2025,https://www.sahpra.org.za/wp-content/uploads/2025/09/SAHPGL-MD-16_v1-Guideline-on-Clinical-Evaluation-of-Medical-Devices.pdf,ok
doc48.pdf,SAHPGL-MD-17,Guideline on Clinical Investigation of Medical Devices,09/09/2025,https://www.sahpra.org.za/wp-content/uploads/2025/09/SAHPGL-MD-17_v1-Guideline-on-Clinical-Investigation-of-Medical-Devices.pdf,ok
doc49.pdf,SAHPGL-MD-04,Guideline for Classification of Medical Devices and IVDs,28/02/2025,https://www.sahpra.org.za/wp-content/uploads/2025/03/SAHPGL-MD-04_v5-Guideline-for-Classification-of-MD-and-IVDs.pdf,ok
doc50.pdf,SAHPGL-HPA-04,Renewal of Human and Veterinary Medicines Requirements and Process,12/02/2025,https://www.sahpra.org.za/wp-content/uploads/2025/02/SAHPGL-HPA-04-v6-Renewal-of-Registration-of-Human-and-Veterinary-Medicines.pdf,ok
doc51.pdf,SAHPGL-FIN-01,SAHPRA Payment Guideline,12/02/2025,https://www.sahpra.org.za/wp-content/uploads/2025/02/SAHPGL-FIN-01_v9-SAHPRA-Payment-Guideline.pdf,ok
doc52.pdf,SAHPGL-RDN-XR-26,Approval of a dosimetry service in South Africa,31/01/2025,https://www.sahpra.org.za/wp-content/uploads/2025/01/SAHPGL-RDN-XR-26_v2-Guidelines-of-dosimetry-service-provider-approval.pdf,ok
doc53.pdf,SAHPGL-MD-11,Guideline for Completing Medical Device Adverse Event Form for Licensed Holders (Licensee) / Holders of a Certificate Of Registration of al Medical Device (including an IVD),13/12/2024,https://www.sahpra.org.za/wp-content/uploads/2024/12/SAHPGL-MD-11_v1-Guideline-for-Completing-Medical-Device-Adverse-Event-Form.pdf,ok
doc54.pdf,SAHPGL-MD-03 (previously 8.04),Guideline for Medical Device Adverse Event Reporting,13/12/2024,https://www.sahpra.org.za/wp-content/uploads/2024/12/SAHPGL-MD-03_v4-Guideline-for-Medical-Device-Adverse-Event-Reporting.pdf,ok
doc55.pdf,SAHPGL-RDN-INSP-01,Guideline for the Sealing and Unsealing of Hazardous Substances,19/11/2024,https://www.sahpra.org.za/wp-content/uploads/2024/11/SAHPGL-RDN-INSP-01_v2-Guideline-for-the-sealing-and-unsealing-of-Hazardous-Substances.pdf,ok
doc56.pdf,SAHPGL-LEG-01,Guideline for Appeals Against Regulatory Decisions,31/10/2024,https://www.sahpra.org.za/wp-content/uploads/2025/06/SAHPGL-LEG-01_v3-Guidelines-for-Appeals-Against-Regulatory-Decisions.pdf,ok
doc57.pdf,SAHPGL-PEM-03,Guideline for the API Master File (APIMF) Procedure,23/07/2024,https://www.sahpra.org.za/wp-content/uploads/2024/07/SAHPGL-PEM-03_v4-Guideline-for-The-API-Master-File-APIMF-Procedure.pdf,ok
doc58.pdf,SAHPGL-CRO-02,Guideline on Co-Applicancy,16/07/2024,https://www.sahpra.org.za/wp-content/uploads/2024/07/SAHPGL-CRO-02_v1-Guideline-on-Co-applicancy.pdf,ok
doc59.pdf,SAHPGL-RDN-RN-04 (Old IRCP91-2),Guideline for Industrial Radiography,18/06/2024,https://www.sahpra.org.za/wp-content/uploads/2022/08/SAHPGL-RDN-RN-04_v2-Guideline-for-Industrial-Radiography.pdf,ok
doc60.pdf,SAHPGL-CEM-03,Guideline for Patient Information Leaflet for Human Medicines (Categories A D),27/05/2024,https://www.sahpra.org.za/wp-content/uploads/2022/01/SAHPGL-CEM-03_v8-Guideline-for-Patient-Information-Leaflet-for-Human-Medicines-Categories-A-D.pdf,ok
doc61.pdf,SAHPGL-CEM-02,Guideline for Professional Information for Human Medicines (Categories A and D),26/04/2024,https://www.sahpra.org.za/wp-content/uploads/2022/01/SAHPGL-CEM-02_v6-Guideline-for-Professional-Information-for-Human-Medicines-Categories-A-D.pdf,ok
doc62.pdf,SAHPGL-CEM-PRE-03,Guideline for Submission of Extension Applications,24/03/2024,https://sahpraza.sharepoint.com/:b:/s/SAHPRAwebsitePublicDocuments/IQApVXXR0IXARp7miyD0uzesAacvBY785rctkSMNocT3J2Q?e=MqWW8c,ok
doc63.pdf,SAHPGL-PEM-VET-01,Guideline on application for use of unregistered veterinary medicines,22/03/2024,https://www.sahpra.org.za/wp-content/uploads/2022/07/SAHPGL-PEM-VET-01_v4-Guidelines-on-Access-to-Unregistered-Veterinary-Medicines.pdf,ok
doc64.pdf,SAHPGL-RDN-RN-14 (Old TRUG91-1),Guideline For The Safe Transport of Radioactive Material,20/02/2024,https://www.sahpra.org.za/wp-content/uploads/2022/08/SAHPGL-RDN-RN-14_v1-Guideline-for-the-Safe-Transport-of-Radioactive-Material.pdf,ok
doc65.pdf,SAHPGL-RDN-RN-17,Guideline on Requests for Medical Examinations for Radiation Workers,20/02/2024,https://www.sahpra.org.za/wp-content/uploads/2022/08/SAHPGL-RDN-RN-17_v2-Gudeline-on-Requests-for-Medical-Examinations-for-Radiation-Workers-002.pdf,ok
doc66.pdf,SAHPGL-INSP-RC-05,Guidelines for Medicine Recalls – Withdrawals and Rapid Alerts,15/02/2024,https://www.sahpra.org.za/wp-content/uploads/2022/06/SAHPGL-INSP-RC-05_v4-Guidelines-for-Medicine-Recalls_-Withdrawals-and-Rapid-Alerts-15.Feb_.-2024-Final-version-003.pdf,ok
doc67.pdf,SAHPGL-RDN-RN-15,Identification and Labelling of Radioactive Sources and Source Containers,08/02/2024,https://www.sahpra.org.za/wp-content/uploads/2024/02/SAHPS-RDN-RN-15_v2-Guidelines-Labelling-of-Radioactive-Sources-and-Source-Containers.pdf,ok
doc68.pdf,SAHPGL-RDN-RN-06 (Old UNSEAL),Guideline For Safe Use of Unsealed Radioactive Nuclides,01/02/2024,https://www.sahpra.org.za/wp-content/uploads/2024/02/SAHPGL-RDN-RN-06_v1-Guideline-for-Code-of-Practice-for-Safe-Use-of-Unsealed-Radioactive-Nuclides.pdf,ok
doc69.pdf,SAHPGL-RDN-RN-08 (Old GAUGE),Guideline For The Safe Use of Industrial Gauges Containing Radioactive Sources,01/02/2024,https://www.sahpra.org.za/wp-content/uploads/2024/02/SAHPGL-RDN-RN-08_v2-Guideline-for-the-Safe-Use-of-Industrial-Gauges-Containing-Radioactive-Sources.pdf,ok
doc70.pdf,SAHPGL-RDN-RN-01 (Old FIRE),Guideline on Protective Measures To Take In The Event of an Accident Involving Radioactivity,01/02/2024,https://www.sahpra.org.za/wp-content/uploads/2024/02/SAHPGL-RDN-RN-01_v1-Guideline-on-Protective-Measures-to-Take-in-The-Event-of-an-Accident-Involving-Radioactivity.pdf,ok
doc71.pdf,SAHPGL-RDN-RN-03,Guideline on The Safe Use of Soil Moisture and Density Gauges Containing Radioactive Sources,01/02/2024,https://www.sahpra.org.za/wp-content/uploads/2024/02/SAHPGL-RDN-RN-03_v1-Guidelines-for-Safe-Use-of-Soil-Moisture-and-Density-Gauges-Containing-Radioactive-Sources.pdf,ok
doc72.pdf,SAHPGL-RDN-RN-02,Guideline On The Organisational Requirements For Authority Holders And Their Appointed Radiation Protection Officers,01/02/2024,https://www.sahpra.org.za/wp-content/uploads/2024/02/SAHPGL-RDN-RN-02_v2-Guideline-on-Organizational-Requirements-for-Authority-Holders-and-Their-Appointed-Radiation-Protection-Officers-003.pdf,ok
doc73.pdf,SAHPGL-RDN-XR-25,Guidelines For Users of Electronic Therapeutic Devices Emitting Ionizing Radiation,16/01/2024,https://www.sahpra.org.za/wp-content/uploads/2024/01/SAHPGL-RDN-XR-25_v2-Guidelines-for-Users-of-Therapeutic-Devices-Emitting-Ionizing-Radiation.pdf,ok
doc74.pdf,SAHPGL-RDN-XR-24,Guideline for Import Applications of Electronic Devices Emitting Ionizing Radiation,13/12/2023,https://www.sahpra.org.za/wp-content/uploads/2024/01/SAHPGL-RDN-XR-24_v1-Guideline-for-Import-Applications-of-Electronic-Devices-Emitting-Ionizing-Radiation.pdf,ok
doc75.pdf,SAHPGL-HPA-08,Multiple Applications Guideline,11/12/2023,https://www.sahpra.org.za/wp-content/uploads/2022/02/SAHPGL-HPA-08_v3-Multiple-Applications-Guideline.pdf,ok
doc76.pdf,SAHPGL-HPA-07,General Information Guideline,11/12/2023,https://www.sahpra.org.za/wp-content/uploads/2024/04/SAHPGL-HPA-07_v12-General-Information-Guideline_Dec23.pdf,ok
doc77.pdf,,Clinical Trials Committee and Submission Dates for 2024,12/10/2023,https://www.sahpra.org.za/wp-content/uploads/2023/10/Communication-to-Industry-Clinical-Trials-Committee-Submission-Dates-for-2024.pdf,ok
doc79.pdf,SAHPGL-PEM-01,Availability of medicines for use in a Public Health Emergency (PHE),21/08/2023,https://www.sahpra.org.za/wp-content/uploads/2022/01/SAHPGL-PEM-01-_Availability_of_medicines_for_use_in_a_PHE_August-2023_v3.pdf,ok
doc80.pdf,SAHPGL-INSP-RC-01,Guidelines for Post Marketing Surveillance of Medicines and Health Products,27/07/2023,https://www.sahpra.org.za/wp-content/uploads/2022/06/SAHPGL-INSP-RC-01_v3-Guidelines-for-Post-Marketing-Surveillance-of-Medicines-and-Health-Products.pdf,ok
doc81.pdf,SAHPGL-PEM-VET-04,General Information Guideline for Registration of Veterinary Medicines,27/06/2023,https://www.sahpra.org.za/wp-content/uploads/2023/06/SAHPGL-PEM-VET-04_v4-Guideline-for-Registration-of-Veterinary-Medicines.pdf,ok
doc82.pdf,SAHPGL-PEM-VET-03,Veterinary Medicines Exemptions from certain Medicine Registration Requirements,26/06/2023,https://www.sahpra.org.za/wp-content/uploads/2023/06/SAHPGL-PEM-VET-03_v2-Guideline-for-Veterinary-Medicines-Exemptions-from-Certain-Medicine-Registration-Requirements.pdf,ok
doc83.pdf,SAHPGL-PEM-BIO-01,Guideline for Lot Release of Human Vaccines,08/06/2023,https://www.sahpra.org.za/wp-content/uploads/2022/05/SAHPGL-PEM-BIO-01_v4-Guideline-for-Lot-Release-of-Human-Vaccines.pdf,ok
doc84.pdf,SAHPGL-CEM-PV-02,Pharmacovigilance systems,06/06/2023,https://www.sahpra.org.za/wp-content/uploads/2023/06/SAHPGL-CEM-PV-02_v2-Guideline-on-Pharmacovigilance-Systems.pdf,ok
doc85.pdf,SAHPGL-PEM-04,International Metric System (SI),23/03/2023,https://www.sahpra.org.za/wp-content/uploads/2023/04/SAHPGL-PEM-04_v4-International-Metric-System-SI.pdf,ok
doc86.pdf,SAHPGL-MD-06,"Guideline for a License to Manufacture, Import, Export, or Distribute Medical Devices and IVDs",23/03/2023,https://www.sahpra.org.za/wp-content/uploads/2023/03/SAHPGL-MD-06_v3-Guideline-for-A-License-to-Manufacture-Import-Export-or-Distribute-Medical-Devices-and-IVDs.pdf,ok
doc87.pdf,SAHPGL-MD-05,Guideline on Medical Device Quality Manual,14/03/2023,https://www.sahpra.org.za/wp-content/uploads/2023/03/SAHPGL-MD-05_v4-Guideline-on-Medical-Device-Quality-Manual.pdf,ok
doc88.pdf,SAHPGL-CEM-PRE-01,Guideline on Co-packaging of Medicines,15/02/2023,https://www.sahpra.org.za/wp-content/uploads/2023/02/SAHPGL-CEM-PRE-01_v1-Guideline-on-Co-packaging-of-Medicines.pdf,ok
doc89.pdf,SAHPGL-CEM-PRE-02,"Guideline for Fixed Dose Combination Products (FDC Products) for HIVAIDS, Tuberculosis and Malaria",08/02/2023,https://www.sahpra.org.za/wp-content/uploads/2023/02/SAHPGL-CEM-PRE-02_v2-Guideline-for-Fixed-Dose-Combination-Products-FDC-Products-for-HIVAIDS-Tuberculosis-and-Malaria.pdf,ok
doc90.pdf,SAHPGL-RDN-RN-09,I-131 Therapy,12/12/2022,https://www.sahpra.org.za/wp-content/uploads/2022/08/SAHPGL-RDN-RN-09_v2-Guideline-on-I-131-Therapy.pdf,ok
doc91.pdf,SAHPGL-RDN-RN-13,Management and Disposal of Non-nuclear Radioactive Waste,05/12/2022,https://www.sahpra.org.za/wp-content/uploads/2022/08/SAHPGL-RDN-RN-13_v2-Guideline-for-Management-and-Disposal-of-Non-nuclear-Radioactive-Waste.pdf,ok
doc92.pdf,SAHPGL-RDN-RN-12,Reporting National Radiation Occurrences,05/12/2022,https://www.sahpra.org.za/wp-content/uploads/2022/08/SAHPGL-RDN-RN-12_v2-Guideline-for-Reporting-National-Radiation-Occurrences.pdf,ok
doc93.pdf,SAHPGL-RDN-RN-11,RPO Competence and Training Requirements,05/12/2022,https://www.sahpra.org.za/wp-content/uploads/2022/08/SAHPGL-RDN-RN-11_v2-Guideline-on-RPO-Competence-and-Training-Requirements.pdf,ok
doc94.pdf,SAHPGL-RDN-RN-10,Leak tests,05/12/2022,https://www.sahpra.org.za/wp-content/uploads/2022/08/SAHPGL-RDN-RN-10_v3-Guideline-on-Leak-Tests.pdf,ok
doc95.pdf,SAHGPL-HPA-03,eCTD Validation Criteria,16/11/2022,https://www.sahpra.org.za/wp-content/uploads/2022/12/SAHPGL-HPA-03_v4-Guideline-on-eCTD-Validation-Criteria.pdf,ok
doc96.pdf,SAHPGL-INSP-RC-13,Guideline For Cultivation Of Cannabis,10/11/2022,https://www.sahpra.org.za/wp-content/uploads/2022/11/SAHPGL-INSP-RC-13_v3-Guideline-for-Cultivation-of-Cannabis.pdf,ok
doc97.pdf,SAHPGL-INSP-RC-12,Guideline On How To Lodge A Complaint On Medicines And Medical Devices,10/11/2022,https://www.sahpra.org.za/wp-content/uploads/2022/11/SAHPGL-INSP-RC-12_v4-Guideline-on-How-to-Lodge-a-Complaint-on-Medicines-and-Medical-Devices.pdf,ok
doc98.pdf,SAHPGL-CEM-CT-09,Guideline for Clinical Trial Investigators,24/10/2022,https://www.sahpra.org.za/wp-content/uploads/2022/10/SAHPGL-CEM-CT-09_v3-Guideline-for-Clinical-Trial-Investigators.pdf,ok
doc99.pdf,SAHPGL-CEM-CT-10,Safety Reporting During Clinical Trials,06/10/2022,https://www.sahpra.org.za/wp-content/uploads/2022/10/SAHPGL-CEM-CT-10_v5-Guideline-for-Safety-Reporting-During-Clinical-Trials.pdf,ok
doc100.pdf,SAHPGL-CEM-CT-08,Guideline for Capacity Building and Transformation in Clinical Research in South Africa,01/10/2022,https://www.sahpra.org.za/wp-content/uploads/2022/10/SAHPGL-CEM-CT-08_v2-Guideline-for-Capacity-Building-on-Clinical-Trials.pdf,ok
doc101.pdf,SAHPGL-RDN-XR-21,Guideline for Patient Dose Measurements in Diagnostic Radiology,21/09/2022,https://www.sahpra.org.za/wp-content/uploads/2022/09/SAHPGL-RDN-XR-21_v1-Guideline-for-Patient-Dose-Measurements-in-Diagnostic-Radiology.pdf,ok
doc102.pdf,SAHPGL-INSP-05,"Guideline on how to respond to a GMP, GWP, GCP and GVP Inspection report",21/09/2022,https://www.sahpra.org.za/wp-content/uploads/2022/09/SAHPGL-INSP-05_v2-Guideline-on-How-to-Respond-to-a-GMP-GWP-GCP-or-GVP-Inspection-Report.pdf,ok
doc103.pdf,SAHPGL-RDN-XR-18,Guidelines on Requests for Medical X-Ray Examinations,20/09/2022,https://www.sahpra.org.za/wp-content/uploads/2022/09/SAHPGL-RDN-XR-18_v1-Guidelines-on-Requests-for-Medical-X-Ray-Examinations.pdf,ok
doc104.pdf,SAHPGL-RDN-XR-20,Guideline for Use of Radiographic Grid Ratio,20/09/2022,https://www.sahpra.org.za/wp-content/uploads/2022/09/SAHPGL-RDN-XR-20_v1-Guideline-for-Use-of-Radiographic-Grid-Ratio.pdf,ok
doc105.pdf,SAHPGL-RDN-XR-22,Guideline for Protective Clothing,20/09/2022,https://www.sahpra.org.za/wp-content/uploads/2022/09/SAHPGL-RDN-XR-22_v1-Guideline-for-Protective-Clothing.pdf,ok
doc106.pdf,SAHPGL-CEM-PV-03,Risk Management Plans for Medicines for Human Use,15/09/2022,https://www.sahpra.org.za/wp-content/uploads/2022/11/SAHPGL-CEM-PV-03-Risk-Management-Plan-for-Medicines-for-Human-Use_Sept-2022_v1.pdf,ok
doc107.pdf,SAHPGL-INSP-01,Guideline for Post Importation Testing,15/09/2022,https://www.sahpra.org.za/wp-content/uploads/2022/09/SAHPGL-INSP-01_v5-Guideline-for-Post-Importation-Testing.pdf,ok
doc108.pdf,SAHPGL-INSP-06,Guideline for Fee determination and Payment of GxP and Product related Inspection,14/09/2022,https://www.sahpra.org.za/wp-content/uploads/2022/09/SAHPGL-INSP-06_v2-Guideline-for-Fee-Determination-and-Payments-of-GxP-and-Product-Related-Inspections.pdf,ok
doc109.pdf,SAHPGL-INSP-04,Guideline for preparation of site master file,14/09/2022,https://www.sahpra.org.za/wp-content/uploads/2022/09/SAHPGL-INSP-04_v5Guidelines-for-Preparation-of-Site-Master-File.pdf,ok
doc110.pdf,SAHPGL-RDN-XR-23,Guideline Radiologist Available by Remote Digital Connection,13/09/2022,https://www.sahpra.org.za/wp-content/uploads/2022/09/SAHPGL-RDN-XR-23_v1-Guideline-Radiologist-Available-by-Remote-Digital-Connection.pdf,ok
doc111.pdf,SAHPGL-PEM-VET-02,Veterinary Medicines Clinical Guideline,13/09/2022,https://www.sahpra.org.za/wp-content/uploads/2022/09/SAHPGL-PEM-VET-02_v2-Veterinary-Medicines-Clinical-Guideline.pdf,ok
doc112.pdf,SAHPGL-PEM-BIO-03,Guideline for Pre-Registration Consultation Meeting,13/09/2022,https://www.sahpra.org.za/wp-content/uploads/2022/01/SAHPGL-PEM-BIO-03_v3-Guideline-for-Pre-Registration-Consultation-Meeting-002-1.pdf,ok
doc113.pdf,SAHGPL-RDN-XR-19,Guideline for Management of Pregnant Radiographers and Other Staff Members,07/09/2022,https://www.sahpra.org.za/wp-content/uploads/2022/09/SAHGPL-RDN-XR-19_v1-Guideline-for-Management-of-Pregnant-Radiographers-and-Other-Staff-Members.pdf,ok
doc114.pdf,SAHPGL-INSP-03,Guideline for Good Wholesaling Practice for Wholesaler,07/09/2022,https://www.sahpra.org.za/wp-content/uploads/2022/09/SAHPGL-INSP-03_v5-Guideline-on-South-African-Good-Wholesaling-Practice-for-Wholesalers.pdf,ok
doc115.pdf,SAHPGL-CEM-CT-01,"Guideline For Electronic Submission of Clinical Trial Documents (Amendments,  Bioequivalence Studies, Responses, Notifications, And Serious Adverse Events)",05/09/2022,https://www.sahpra.org.za/wp-content/uploads/2022/09/SAHPGL-CEM-CT-01_v3-Electronic-Submission-of-Clinical-Trial-Documents.pdf,ok
doc116.pdf,SAHPGL-RDN-XR-16,Guideline for Code of Practise for Industrial Radiography X-Ray,31/08/2022,https://www.sahpra.org.za/wp-content/uploads/2022/09/SAHPGL-RDN-XR-16_v1-Guideline-for-Code-of-Practise-for-Industrial-Radiography-X-Ray.pdf,ok
doc117.pdf,SAHPGL-RDN-XR-13,Guideline for QC in Dental Diagnostic X-Ray Imaging Systems,31/08/2022,https://www.sahpra.org.za/wp-content/uploads/2022/09/SAHPGL-RDN-XR-13_v1-Guideline-for-QC-in-Dental-Diagnostic-X-Ray-Imaging-Systems.pdf,ok
doc118.pdf,SAHPGL-RDN-XR-09,Guideline For Code Of Practice For Users Of Non – Medical X-RAY Equipment – Forensic,25/08/2022,https://www.sahpra.org.za/wp-content/uploads/2022/08/SAHPGL-RDN-XR-09_v1-Guideline-for-Code-of-Practice-for-Users-of-Non-Medical-X-Ray-Equipment-Forensic.pdf,ok
doc119.pdf,SAHPGL-CEM-PV-05,Guideline for the handling of Dear Healthcare Professional Letters relating to medicine safety,25/08/2022,https://www.sahpra.org.za/wp-content/uploads/2022/08/SAHPGL-CEM-PV-05-v6_HANDLING-DEAR-HEALTHCARE-PROFESSIONAL-LETTERS-RELATING-TO-MEDICINE-SAFETY_August-2022.pdf,ok
doc120.pdf,SAHPGL-RDN-XR-08,Guideline for Personal Monitoring Med and Vet Use of Diagnostic X-Ray Equipment,24/08/2022,https://www.sahpra.org.za/wp-content/uploads/2022/08/SAHPGL-RDN-XR-08_v1-Guideline-for-Personal-Monitoring-Med-and-Vet-Use-of-Diagnostic-X-Ray-Equipment.pdf,ok
doc121.pdf,SAHPGL-PEM-BIO-06,General guidance document on QSE for Biological Medicines,24/08/2022,https://www.sahpra.org.za/wp-content/uploads/2022/04/SAHPGL-PEM-BIO-06_v3_General-guidance-document-on-QSE-for-Biological-Medicines.pdf,ok
doc122.pdf,SAHPGL-RDN-XR-12,Guideline for Monitoring of Radiation workers in a Theatre,23/08/2022,https://www.sahpra.org.za/wp-content/uploads/2022/08/SAHPGL-RDN-XR-12_v1-Guideline-for-Monitoring-of-Radiation-workers-in-a-Theatre.pdf,ok
doc123.pdf,SAHPGL-RDN-XR-11,General Guidelines with Regards to the Design of X-Ray Rooms,23/08/2022,https://www.sahpra.org.za/wp-content/uploads/2022/08/SAHPGL-RDN-XR-11_v1-General-Guidelines-with-Regards-to-the-Design-of-X-Ray-Rooms.pdf,ok
doc124.pdf,SAHPGL-RDN-XR-15,Guideline for Ionising Radiation Dose Limits and Annual Limits on Intake of Radioactive Material,23/08/2022,https://www.sahpra.org.za/wp-content/uploads/2022/09/SAHPGL-RDN-XR-15_v1-Guideline-for-Ionising-Radiation-Dose-Limits-and-Annual-Limits-on-Intake-of-Radioactive-Material.pdf,ok
doc125.pdf,SAHPGL-PEM-BIO-04,Biological medicines stability Guideline,18/08/2022,https://www.sahpra.org.za/wp-content/uploads/2022/01/SAHPGL-PEM-BIO-04_v2_-Biological-medicines-stability-Guideline...pdf,ok
doc126.pdf,SAHPGL-RDN-XR-17,Guideline for Disposal of X-Ray Units and Tubes Containing Beryllium,17/08/2022,https://www.sahpra.org.za/wp-content/uploads/2022/09/SAHPGL-RDN-XR-17_v1-Guideline-for-Disposal-of-X-Ray-Units-and-Tubes-Containing-Beryllium.pdf,ok
doc127.pdf,SAHPGL-RDN-XR-04,Guideline for Minimum Requirements For Fixed Diagnostic X-Ray Installations,17/08/2022,https://www.sahpra.org.za/wp-content/uploads/2022/08/SAHPGL-RDN-XR-04_v1-Guideline-for-Minimum-Requirements-For-Fixed-Diagnostic-X-Ray-Installations.pdf,ok
doc128.pdf,SAHPGL-RDN-XR-06,Guideline For Reducing Radiation Risk From Computer Tomography For Pediatric And Small Adult Patients,17/08/2022,https://www.sahpra.org.za/wp-content/uploads/2022/08/SAHPGL-RDN-XR-06_v1-Guideline-for-Reducing-Risk-from-CT-for-Pediatric-and-Small-Adults-Patients.pdf,ok
doc129.pdf,SAHPGL-RDN-XR-02,Guideline For Code Of Practice For Users Of Medical Xray Equipment,17/08/2022,https://www.sahpra.org.za/wp-content/uploads/2022/08/SAHPGL-RDN-XR-02_v1-Guideline-for-Code-of-Practice-for-Users-of-Medical-X-Rays-Equipment.pdf,ok
doc130.pdf,SAHPGL-RDN-XR-05,General Guideline For Cabinet And Conveyer Belt X-ray,17/08/2022,https://www.sahpra.org.za/wp-content/uploads/2022/08/SAHPGL-RDN-XR-05_v1-General-Guideline-for-Cabinet-and-Conveyor-Belt-X-Ray.pdf,ok
doc131.pdf,SAHPGL-CEM-CT-03,Emergency Procedures for Clinical Trial Sites,17/08/2022,https://www.sahpra.org.za/wp-content/uploads/2022/08/SAHPGL-CEM-CT-03-Emergency_Procedures_Clinical_Trial_Sites_August-2022_v3.pdf,ok
doc132.pdf,SAHPGL-RDN-XR-03,Guideline for Dental Radiography,16/08/2022,https://www.sahpra.org.za/wp-content/uploads/2022/08/SAHPGL-RDN-XR-03_v1-Guideline-for-Dental-Radiography.pdf,ok
doc133.pdf,SAHPGL-RDN-XR-07,Guideline for Bone Densitometer – Operators,16/08/2022,https://www.sahpra.org.za/wp-content/uploads/2022/08/SAHPGL-RDN-XR-07_v1-Guideline-for-Bone-Densitometer-Operators.pdf,ok
doc134.pdf,SAHPGL-RDN-XR-01,Guideline for QC in Medical Diagnostic X-Ray Imaging Systems,16/08/2022,https://www.sahpra.org.za/wp-content/uploads/2022/09/SAHPGL-RDN-XR-01_v1-Guideline-for-QC-in-Medical-Diagnostic-X-Ray-Imaging-Systems.pdf,ok
doc135.pdf,SAHPGL-CEM-CT-06,Procedure for Consultation Meetings with Clinical Trial Applicants,11/08/2022,https://www.sahpra.org.za/wp-content/uploads/2022/08/SAHPGL-CEM-CT-06_v2-Guideline-for-The-Procedure-of-Consultation-Meetings-with-Clinical-Trial-Applicants.pdf,ok
doc136.pdf,SAHPGL-RDN-XR-14,Guideline of Test Procedures for Film Processing and Intensifying Screens,08/08/2022,https://www.sahpra.org.za/wp-content/uploads/2022/09/SAHPGL-RDN-XR-14_v1-Guideline-of-Test-Procedures-for-Film-Processing-and-Intensifying-Screens.pdf,ok
doc137.pdf,SAHPGL-RDN-XR-10,Guideline For Radiation Monitoring Requirements And Radiation Occurrences,03/08/2022,https://www.sahpra.org.za/wp-content/uploads/2022/08/SAHPGL-RDN-XR-10_v1-Radiation-Monitoring-Requirements-and-Radiation-Occurrences.pdf,ok
doc138.pdf,SAHPGL-CEM-CT-07,Post Clinical Trial Access,03/08/2022,https://www.sahpra.org.za/wp-content/uploads/2022/08/SAHPGL-CEM-CT-07_v4-Guideline-for-Post-Clinical-Trial-Access.pdf,ok
doc139.pdf,SAHPGL-CEM-CT-04,Oversight and Monitoring in Clinical Trials,01/08/2022,https://www.sahpra.org.za/wp-content/uploads/2022/08/SAHPGL-CEM-CT-04-Oversight-and-Monitoring-in-Clinical-Trials_August-2022_V4.pdf,ok
doc140.pdf,SAHPGL-RDN-RN-05,Guideline On Afterloader Source Exchange Forms (RNXM),20/07/2022,https://www.sahpra.org.za/wp-content/uploads/2022/07/SAHPGL-RDN-RN-05.pdf,ok
doc141.pdf,SAHPGL-INSP-RC-07,Guidelines for Advertisement of Medicines and Health Products,23/06/2022,https://www.sahpra.org.za/wp-content/uploads/2022/06/SAHPGL-INSP-RC-07-Guidelines-for-Advertisement-of-Medicines-and-Health-Products.pdf,ok
doc142.pdf,SAHPGL-INSP-RC-06,Guideline to Fee Determination and Payments of Permits and Related Authorisations,14/06/2022,https://www.sahpra.org.za/wp-content/uploads/2022/06/SAHPGL-INSP-RC-06-Fee-Determination-And-Payments-Of-Permits-And-Related-Authorisation.pdf,ok
doc143.pdf,SAHPGL-INSP-RC-11,Guideline for Release of Import Health Products at Ports of Entry,08/06/2022,https://www.sahpra.org.za/wp-content/uploads/2022/06/SAHPGL-INSP-RC11-Guidelines-for-Release-of-Imported-Health-Products-at-Ports-of-Entry.pdf,ok
doc144.pdf,SAHPGL-INSP-RC-02,Guideline for the Importation and Exportation of Medicines,08/06/2022,https://www.sahpra.org.za/wp-content/uploads/2022/06/SAHPGL-INSP-RC-02-Guideline-for-Importation-and-Exportation-of-Medicines.pdf,ok
doc146.pdf,SAHPGL-CEM-PV-01,Pharmacovigilance Inspections for Human Medicinal Products,10/05/2022,https://www.sahpra.org.za/wp-content/uploads/2022/06/SAHPGL-CEM-PV-01_v1-Pharmacovigilance_Inspection_Guidelines_Version-1.0_May_2022.pdf,ok
doc147.pdf,7.04,Complementary Medicines – Health Supplements Safety and Efficacy,09/03/2022,https://www.sahpra.org.za/wp-content/uploads/2022/03/7.04_CM_SE_Health_Supplements_Mar22_v4_3.pdf,ok
doc148.pdf,7.06,CMs Specified Substances,12/01/2022,https://www.sahpra.org.za/wp-content/uploads/2022/02/7.06_CMs_Specified_Substances_Jan22_v3_2.pdf,ok
doc149.pdf,7.02,Roadmap for CMs,08/12/2021,https://www.sahpra.org.za/wp-content/uploads/2021/12/7.02_Roadmap_for_CMs_Dec21_v2_3.pdf,ok
doc150.pdf,,Industry Communication on Interim Measures Pending Update of Variation Addendum,10/09/2020,https://www.sahpra.org.za/wp-content/uploads/2020/10/Industry-Communication-Variations-Addendum-28-September-2020_ALL.docx.pdf,ok
doc151.pdf,7.05,Complementary Medicines Registration Application ZA-CTD-Quality,25/06/2020,http://www.sahpra.org.za/wp-content/uploads/2020/07/7.05_CMs_Quality_Jun20_v2.pdf,ok
doc152.pdf,7.03,Complementary Medicines – Use of the ZA-CTD format in the preparation of registration applications,25/06/2020,http://www.sahpra.org.za/wp-content/uploads/2020/07/7.03_CMs_ZACTD_Jun20_v3_2.pdf,ok
doc153.pdf,7.01,Complementary Medicines – Discipline Specific Safety and efficacy,25/06/2020,https://www.sahpra.org.za/wp-content/uploads/2021/08/7.01_CMs_SE_DS_Jun20_v3_1.pdf,ok
doc154.pdf,,SA Good Clinical Practice Guidelines,17/06/2020,https://www.sahpra.org.za/wp-content/uploads/2021/06/SA-GCP-2020_Final.pdf,ok
